Product Name,Price,Rating,Number of Reviews,Prime,Availability,URL
"amoolo Clear Safety Glasses Bulk of 24, Protective Eyewear for Men Women, ANSI Z87.1 Impact Resistant Eye Protection for Work, Lab, Construction",25.,N/A,N/A,No,Check availability,https://www.amazon.com/sspa/click?ie=UTF8&spc=MTo4NTgwMjQ3OTk0NzMzMzc3OjE3NzA0NDM3ODM6c3BfYXRmOjIwMDAyMDk4NjQ2OTQ2MTo6MDo6&url=%2Famoolo-Resistant-Lens-Protective-Industrial-Carpentry%2Fdp%2FB0833VW43J%2Fref%3Dsr_1_1_sspa%3Fdib%3DeyJ2IjoiMSJ9.kwu9R8D26S5UOlaQ0Lm9IEz1YIIcmfG1JpVe-O-NFU2Rnp9y44y0g7DH-wZizGekzVuWdUvYbmx_g9M2eNTzjFZd-CilOsMuKscXHzx1F_6qaXS2eWawC1pW5KPBzPKD2qoele9W0UvieDyCV8o7RPBn_OikV8iFpk2RzBVS7mZXJYMF4KGd5l0XB15Os4njO2vQLsQ83_XMz0lDnHkZOH0m-zd2K_3BuC6koUmRBBg1ang8ysSXFiNhVdd4r6mj2WLd7T5kzUXGPTXKSPI2-UHyiCgzbjzD8NF51-XCd2Q.YHj0VbQyLePL8BDPeoYsknsKYHe4lAeaWY9_PZ5qGVY%26dib_tag%3Dse%26keywords%3Dsafety%2Bglasses%26qid%3D1770443783%26sr%3D8-1-spons%26sp_csd%3Dd2lkZ2V0TmFtZT1zcF9hdGY%26psc%3D1
"WFEANG Clear Safety Glasses bulk, Lightweight Protective Eyewear For Men Women, Over Goggles Impact Scratch Resistant",24.,N/A,N/A,No,Check availability,https://www.amazon.com/sspa/click?ie=UTF8&spc=MTo4NTgwMjQ3OTk0NzMzMzc3OjE3NzA0NDM3ODM6c3BfYXRmOjMwMDg1OTU0NTcyNzAwMjo6MDo6&url=%2FWFEANG-Safety-Glasses-Protective-Eyewear%2Fdp%2FB0BWGWVSJ5%2Fref%3Dsr_1_2_sspa%3Fdib%3DeyJ2IjoiMSJ9.kwu9R8D26S5UOlaQ0Lm9IEz1YIIcmfG1JpVe-O-NFU2Rnp9y44y0g7DH-wZizGekzVuWdUvYbmx_g9M2eNTzjFZd-CilOsMuKscXHzx1F_6qaXS2eWawC1pW5KPBzPKD2qoele9W0UvieDyCV8o7RPBn_OikV8iFpk2RzBVS7mZXJYMF4KGd5l0XB15Os4njO2vQLsQ83_XMz0lDnHkZOH0m-zd2K_3BuC6koUmRBBg1ang8ysSXFiNhVdd4r6mj2WLd7T5kzUXGPTXKSPI2-UHyiCgzbjzD8NF51-XCd2Q.YHj0VbQyLePL8BDPeoYsknsKYHe4lAeaWY9_PZ5qGVY%26dib_tag%3Dse%26keywords%3Dsafety%2Bglasses%26qid%3D1770443783%26sr%3D8-2-spons%26sp_csd%3Dd2lkZ2V0TmFtZT1zcF9hdGY%26psc%3D1
"BISON LIFE Safety Glasses - Scratch Resistant Wrap Around Eyewear, Polycarbonate ANSI Z87.1 Impact Resistant Lens",16.,N/A,N/A,No,Check availability,https://www.amazon.com/sspa/click?ie=UTF8&spc=MTo4NTgwMjQ3OTk0NzMzMzc3OjE3NzA0NDM3ODM6c3BfYXRmOjMwMDIyMDE0MjIwNTAwMjo6MDo6&url=%2FBISON-LIFE-Temple-Protective-Glasses%2Fdp%2FB08QJSDSD7%2Fref%3Dsr_1_3_sspa%3Fdib%3DeyJ2IjoiMSJ9.kwu9R8D26S5UOlaQ0Lm9IEz1YIIcmfG1JpVe-O-NFU2Rnp9y44y0g7DH-wZizGekzVuWdUvYbmx_g9M2eNTzjFZd-CilOsMuKscXHzx1F_6qaXS2eWawC1pW5KPBzPKD2qoele9W0UvieDyCV8o7RPBn_OikV8iFpk2RzBVS7mZXJYMF4KGd5l0XB15Os4njO2vQLsQ83_XMz0lDnHkZOH0m-zd2K_3BuC6koUmRBBg1ang8ysSXFiNhVdd4r6mj2WLd7T5kzUXGPTXKSPI2-UHyiCgzbjzD8NF51-XCd2Q.YHj0VbQyLePL8BDPeoYsknsKYHe4lAeaWY9_PZ5qGVY%26dib_tag%3Dse%26keywords%3Dsafety%2Bglasses%26qid%3D1770443783%26sr%3D8-3-spons%26sp_csd%3Dd2lkZ2V0TmFtZT1zcF9hdGY%26psc%3D1
WFEANG Transparently Safety Glasses 30 Pair Protective Eyewear for Men Women ANSI Z87.1 Scratch & Impact Resistant Eye Protection for WorkLab Construction (Clear-30pack),38.,N/A,N/A,No,Check availability,https://www.amazon.com/sspa/click?ie=UTF8&spc=MTo4NTgwMjQ3OTk0NzMzMzc3OjE3NzA0NDM3ODM6c3BfYXRmOjMwMDc5MTE5NjU4MzUwMjo6MDo6&url=%2FWFEANG-Safety-Glasses-Protective-Eyewear%2Fdp%2FB0BV1T4L25%2Fref%3Dsr_1_4_sspa%3Fdib%3DeyJ2IjoiMSJ9.kwu9R8D26S5UOlaQ0Lm9IEz1YIIcmfG1JpVe-O-NFU2Rnp9y44y0g7DH-wZizGekzVuWdUvYbmx_g9M2eNTzjFZd-CilOsMuKscXHzx1F_6qaXS2eWawC1pW5KPBzPKD2qoele9W0UvieDyCV8o7RPBn_OikV8iFpk2RzBVS7mZXJYMF4KGd5l0XB15Os4njO2vQLsQ83_XMz0lDnHkZOH0m-zd2K_3BuC6koUmRBBg1ang8ysSXFiNhVdd4r6mj2WLd7T5kzUXGPTXKSPI2-UHyiCgzbjzD8NF51-XCd2Q.YHj0VbQyLePL8BDPeoYsknsKYHe4lAeaWY9_PZ5qGVY%26dib_tag%3Dse%26keywords%3Dsafety%2Bglasses%26qid%3D1770443783%26sr%3D8-4-spons%26sp_csd%3Dd2lkZ2V0TmFtZT1zcF9hdGY%26psc%3D1
"NoCry Clear Safety Glasses for Men and Women with Anti-Fog and Scratch Resistant Wrap Around Lenses, Adjustable Temples and Nose Pads — ANSI Z87 Certified Protective Eyewear with 100% UV Shielding",13.,N/A,N/A,No,Check availability,https://www.amazon.com/NoCry-Resistant-Wrap-Around-Protection-Adjustable/dp/B07GB8Y11G/ref=sr_1_6?dib=eyJ2IjoiMSJ9.kwu9R8D26S5UOlaQ0Lm9IEz1YIIcmfG1JpVe-O-NFU2Rnp9y44y0g7DH-wZizGekzVuWdUvYbmx_g9M2eNTzjFZd-CilOsMuKscXHzx1F_6qaXS2eWawC1pW5KPBzPKD2qoele9W0UvieDyCV8o7RPBn_OikV8iFpk2RzBVS7mZXJYMF4KGd5l0XB15Os4njO2vQLsQ83_XMz0lDnHkZOH0m-zd2K_3BuC6koUmRBBg1ang8ysSXFiNhVdd4r6mj2WLd7T5kzUXGPTXKSPI2-UHyiCgzbjzD8NF51-XCd2Q.YHj0VbQyLePL8BDPeoYsknsKYHe4lAeaWY9_PZ5qGVY&dib_tag=se&keywords=safety+glasses&qid=1770443783&sr=8-6
"TICONN Clear Safety Glasses for Men, Safety Goggles with Scratch Impact Resistant Meets ANSI Z87.1 Standard",14.,N/A,N/A,No,Check availability,https://www.amazon.com/TICONN-Clear-Safety-Glasses-Pack/dp/B0BGSFQJF6/ref=sr_1_7?dib=eyJ2IjoiMSJ9.kwu9R8D26S5UOlaQ0Lm9IEz1YIIcmfG1JpVe-O-NFU2Rnp9y44y0g7DH-wZizGekzVuWdUvYbmx_g9M2eNTzjFZd-CilOsMuKscXHzx1F_6qaXS2eWawC1pW5KPBzPKD2qoele9W0UvieDyCV8o7RPBn_OikV8iFpk2RzBVS7mZXJYMF4KGd5l0XB15Os4njO2vQLsQ83_XMz0lDnHkZOH0m-zd2K_3BuC6koUmRBBg1ang8ysSXFiNhVdd4r6mj2WLd7T5kzUXGPTXKSPI2-UHyiCgzbjzD8NF51-XCd2Q.YHj0VbQyLePL8BDPeoYsknsKYHe4lAeaWY9_PZ5qGVY&dib_tag=se&keywords=safety+glasses&qid=1770443783&sr=8-7
"BISON LIFE Safety Glasses - Scratch Resistant Wrap Around Eyewear, Polycarbonate ANSI Z87.1 Impact Resistant Lens",16.,N/A,N/A,No,Check availability,https://www.amazon.com/BISON-LIFE-Glasses-Protective-Polycarbonate/dp/B01G9J08Q6/ref=sr_1_8?dib=eyJ2IjoiMSJ9.kwu9R8D26S5UOlaQ0Lm9IEz1YIIcmfG1JpVe-O-NFU2Rnp9y44y0g7DH-wZizGekzVuWdUvYbmx_g9M2eNTzjFZd-CilOsMuKscXHzx1F_6qaXS2eWawC1pW5KPBzPKD2qoele9W0UvieDyCV8o7RPBn_OikV8iFpk2RzBVS7mZXJYMF4KGd5l0XB15Os4njO2vQLsQ83_XMz0lDnHkZOH0m-zd2K_3BuC6koUmRBBg1ang8ysSXFiNhVdd4r6mj2WLd7T5kzUXGPTXKSPI2-UHyiCgzbjzD8NF51-XCd2Q.YHj0VbQyLePL8BDPeoYsknsKYHe4lAeaWY9_PZ5qGVY&dib_tag=se&keywords=safety+glasses&qid=1770443783&sr=8-8
"TICONN Anti-Fog Safety Glasses for Men and Women, ANSI Z87.1 Scratch Proof Eye Goggles with Adjustable Arms and UV Protection",11.,N/A,N/A,No,Check availability,https://www.amazon.com/TICONN-Glasses-Adjustable-Anti-Fog-Protection/dp/B0CWKTFPH2/ref=sr_1_9?dib=eyJ2IjoiMSJ9.kwu9R8D26S5UOlaQ0Lm9IEz1YIIcmfG1JpVe-O-NFU2Rnp9y44y0g7DH-wZizGekzVuWdUvYbmx_g9M2eNTzjFZd-CilOsMuKscXHzx1F_6qaXS2eWawC1pW5KPBzPKD2qoele9W0UvieDyCV8o7RPBn_OikV8iFpk2RzBVS7mZXJYMF4KGd5l0XB15Os4njO2vQLsQ83_XMz0lDnHkZOH0m-zd2K_3BuC6koUmRBBg1ang8ysSXFiNhVdd4r6mj2WLd7T5kzUXGPTXKSPI2-UHyiCgzbjzD8NF51-XCd2Q.YHj0VbQyLePL8BDPeoYsknsKYHe4lAeaWY9_PZ5qGVY&dib_tag=se&keywords=safety+glasses&qid=1770443783&sr=8-9
Safety GlassesClear Anti-Fog Goggles Over-Spec Glasses Protective Eye Wear Industrial Approved Wide-Vision（4 PACK）,9.,N/A,N/A,No,Check availability,https://www.amazon.com/HPYNPES-GlassesClear-Protective-Industrial-Wide-Vision%EF%BC%883/dp/B0BNHKWR6W/ref=sr_1_10?dib=eyJ2IjoiMSJ9.kwu9R8D26S5UOlaQ0Lm9IEz1YIIcmfG1JpVe-O-NFU2Rnp9y44y0g7DH-wZizGekzVuWdUvYbmx_g9M2eNTzjFZd-CilOsMuKscXHzx1F_6qaXS2eWawC1pW5KPBzPKD2qoele9W0UvieDyCV8o7RPBn_OikV8iFpk2RzBVS7mZXJYMF4KGd5l0XB15Os4njO2vQLsQ83_XMz0lDnHkZOH0m-zd2K_3BuC6koUmRBBg1ang8ysSXFiNhVdd4r6mj2WLd7T5kzUXGPTXKSPI2-UHyiCgzbjzD8NF51-XCd2Q.YHj0VbQyLePL8BDPeoYsknsKYHe4lAeaWY9_PZ5qGVY&dib_tag=se&keywords=safety+glasses&qid=1770443783&sr=8-10
"ANSI Z87.1 Clear Safety Glasses Bulk 36 pack, Safety Glasses for men and women, Scratch&Impact-Resistant Clear Protective Glasses for construction, lab, in-/outdoor work",33.,N/A,N/A,No,Check availability,https://www.amazon.com/sspa/click?ie=UTF8&spc=MTo4NTgwMjQ3OTk0NzMzMzc3OjE3NzA0NDM3ODM6c3BfbXRmOjMwMDg0MDA0OTk2MTEwMjo6MDo6&url=%2FHoqiwild-Glasses-Impact-Resistant-Protective-construction%2Fdp%2FB0F18KV72K%2Fref%3Dsr_1_11_sspa%3Fdib%3DeyJ2IjoiMSJ9.kwu9R8D26S5UOlaQ0Lm9IEz1YIIcmfG1JpVe-O-NFU2Rnp9y44y0g7DH-wZizGekzVuWdUvYbmx_g9M2eNTzjFZd-CilOsMuKscXHzx1F_6qaXS2eWawC1pW5KPBzPKD2qoele9W0UvieDyCV8o7RPBn_OikV8iFpk2RzBVS7mZXJYMF4KGd5l0XB15Os4njO2vQLsQ83_XMz0lDnHkZOH0m-zd2K_3BuC6koUmRBBg1ang8ysSXFiNhVdd4r6mj2WLd7T5kzUXGPTXKSPI2-UHyiCgzbjzD8NF51-XCd2Q.YHj0VbQyLePL8BDPeoYsknsKYHe4lAeaWY9_PZ5qGVY%26dib_tag%3Dse%26keywords%3Dsafety%2Bglasses%26qid%3D1770443783%26sr%3D8-11-spons%26sp_csd%3Dd2lkZ2V0TmFtZT1zcF9tdGY%26psc%3D1
Safety Goggles 6 Pack - Anti-Fog Protective Safety Glasses - Clear Lens Adjustable Soft Lightweight Protection Eyewear,14.,N/A,N/A,No,Check availability,https://www.amazon.com/sspa/click?ie=UTF8&spc=MTo4NTgwMjQ3OTk0NzMzMzc3OjE3NzA0NDM3ODM6c3BfbXRmOjMwMTEzMDUzMTEyNDkwMjo6MDo6&url=%2FAmaStep-Safety-Goggles-Pack-Lightweight%2Fdp%2FB0D3GXNVR8%2Fref%3Dsr_1_12_sspa%3Fdib%3DeyJ2IjoiMSJ9.kwu9R8D26S5UOlaQ0Lm9IEz1YIIcmfG1JpVe-O-NFU2Rnp9y44y0g7DH-wZizGekzVuWdUvYbmx_g9M2eNTzjFZd-CilOsMuKscXHzx1F_6qaXS2eWawC1pW5KPBzPKD2qoele9W0UvieDyCV8o7RPBn_OikV8iFpk2RzBVS7mZXJYMF4KGd5l0XB15Os4njO2vQLsQ83_XMz0lDnHkZOH0m-zd2K_3BuC6koUmRBBg1ang8ysSXFiNhVdd4r6mj2WLd7T5kzUXGPTXKSPI2-UHyiCgzbjzD8NF51-XCd2Q.YHj0VbQyLePL8BDPeoYsknsKYHe4lAeaWY9_PZ5qGVY%26dib_tag%3Dse%26keywords%3Dsafety%2Bglasses%26qid%3D1770443783%26sr%3D8-12-spons%26sp_csd%3Dd2lkZ2V0TmFtZT1zcF9tdGY%26psc%3D1
"30 Pack Clear Safety Glasses, ANSI Z87.1 Scratch Resistant Saftey Glasses for Men Women, Clear Eye Protection Glasses for Shooting Lab Construction, Lightweight",24.,N/A,N/A,No,Check availability,https://www.amazon.com/sspa/click?ie=UTF8&spc=MTo4NTgwMjQ3OTk0NzMzMzc3OjE3NzA0NDM3ODM6c3BfbXRmOjMwMTE2MDc5NDIyMjEwMjo6MDo6&url=%2FAstrivixDD-Resistant-Protection-Construction-Lightweight%2Fdp%2FB0G4K45TLR%2Fref%3Dsr_1_13_sspa%3Fdib%3DeyJ2IjoiMSJ9.kwu9R8D26S5UOlaQ0Lm9IEz1YIIcmfG1JpVe-O-NFU2Rnp9y44y0g7DH-wZizGekzVuWdUvYbmx_g9M2eNTzjFZd-CilOsMuKscXHzx1F_6qaXS2eWawC1pW5KPBzPKD2qoele9W0UvieDyCV8o7RPBn_OikV8iFpk2RzBVS7mZXJYMF4KGd5l0XB15Os4njO2vQLsQ83_XMz0lDnHkZOH0m-zd2K_3BuC6koUmRBBg1ang8ysSXFiNhVdd4r6mj2WLd7T5kzUXGPTXKSPI2-UHyiCgzbjzD8NF51-XCd2Q.YHj0VbQyLePL8BDPeoYsknsKYHe4lAeaWY9_PZ5qGVY%26dib_tag%3Dse%26keywords%3Dsafety%2Bglasses%26qid%3D1770443783%26sr%3D8-13-spons%26sp_csd%3Dd2lkZ2V0TmFtZT1zcF9tdGY%26psc%3D1
WORKPRO 3 pack Safety Glasses Z87.1 Anti Fog Eye Protection Safety Goggles Ideal for Lab Travel Dental Carpentry Construction,15.,N/A,N/A,No,Check availability,https://www.amazon.com/sspa/click?ie=UTF8&spc=MTo4NTgwMjQ3OTk0NzMzMzc3OjE3NzA0NDM3ODM6c3BfbXRmOjMwMDAxMzA1MzQyMDgwMjo6MDo6&url=%2FWORKPRO-Pack-Anti-Safety-Glasses%2Fdp%2FB0BF5G2VS1%2Fref%3Dsr_1_14_sspa%3Fdib%3DeyJ2IjoiMSJ9.kwu9R8D26S5UOlaQ0Lm9IEz1YIIcmfG1JpVe-O-NFU2Rnp9y44y0g7DH-wZizGekzVuWdUvYbmx_g9M2eNTzjFZd-CilOsMuKscXHzx1F_6qaXS2eWawC1pW5KPBzPKD2qoele9W0UvieDyCV8o7RPBn_OikV8iFpk2RzBVS7mZXJYMF4KGd5l0XB15Os4njO2vQLsQ83_XMz0lDnHkZOH0m-zd2K_3BuC6koUmRBBg1ang8ysSXFiNhVdd4r6mj2WLd7T5kzUXGPTXKSPI2-UHyiCgzbjzD8NF51-XCd2Q.YHj0VbQyLePL8BDPeoYsknsKYHe4lAeaWY9_PZ5qGVY%26dib_tag%3Dse%26keywords%3Dsafety%2Bglasses%26qid%3D1770443783%26sr%3D8-14-spons%26sp_csd%3Dd2lkZ2V0TmFtZT1zcF9tdGY%26psc%3D1
"2Pack Rechargeable Headlight Glasses,Rechargeable Headlamp, 5 Modes Safety Glasses with Light,Waterproof Head Light for Running, Cycling, Camping,Night Work",42.,N/A,N/A,No,Only 5 left in stock - order soon.,https://www.amazon.com/Gloxlite-Rechargeable-Headlight-Headlamp-Waterproof/dp/B0G6D2JBGF/ref=sr_1_15?dib=eyJ2IjoiMSJ9.kwu9R8D26S5UOlaQ0Lm9IEz1YIIcmfG1JpVe-O-NFU2Rnp9y44y0g7DH-wZizGekzVuWdUvYbmx_g9M2eNTzjFZd-CilOsMuKscXHzx1F_6qaXS2eWawC1pW5KPBzPKD2qoele9W0UvieDyCV8o7RPBn_OikV8iFpk2RzBVS7mZXJYMF4KGd5l0XB15Os4njO2vQLsQ83_XMz0lDnHkZOH0m-zd2K_3BuC6koUmRBBg1ang8ysSXFiNhVdd4r6mj2WLd7T5kzUXGPTXKSPI2-UHyiCgzbjzD8NF51-XCd2Q.YHj0VbQyLePL8BDPeoYsknsKYHe4lAeaWY9_PZ5qGVY&dib_tag=se&keywords=safety+glasses&qid=1770443783&sr=8-15
"3M Safety Glasses, Virtua, 20 Pair, ANSI Z87, Unisex, Anti-Fog, Scratch Resistant, Clear Lens, Clear Frame, Affordable Eye Protection, Lightweight, Wraparound Coverage",33.,N/A,N/A,No,Check availability,https://www.amazon.com/3M-Affordable-Protection-Lightweight-Wraparound/dp/B007JZD8TO/ref=sr_1_16?dib=eyJ2IjoiMSJ9.kwu9R8D26S5UOlaQ0Lm9IEz1YIIcmfG1JpVe-O-NFU2Rnp9y44y0g7DH-wZizGekzVuWdUvYbmx_g9M2eNTzjFZd-CilOsMuKscXHzx1F_6qaXS2eWawC1pW5KPBzPKD2qoele9W0UvieDyCV8o7RPBn_OikV8iFpk2RzBVS7mZXJYMF4KGd5l0XB15Os4njO2vQLsQ83_XMz0lDnHkZOH0m-zd2K_3BuC6koUmRBBg1ang8ysSXFiNhVdd4r6mj2WLd7T5kzUXGPTXKSPI2-UHyiCgzbjzD8NF51-XCd2Q.YHj0VbQyLePL8BDPeoYsknsKYHe4lAeaWY9_PZ5qGVY&dib_tag=se&keywords=safety+glasses&qid=1770443783&sr=8-16
"OXG 12 Pack Safety Glasses, ANSI Z87.1 Impact Resistant Anti-Scratch Safety Goggles for Men Women Youth",28.,N/A,N/A,No,Check availability,https://www.amazon.com/OXG-12-Resistant-Anti-Scartch-Clear/dp/B0B7QRVGHW/ref=sr_1_17?dib=eyJ2IjoiMSJ9.kwu9R8D26S5UOlaQ0Lm9IEz1YIIcmfG1JpVe-O-NFU2Rnp9y44y0g7DH-wZizGekzVuWdUvYbmx_g9M2eNTzjFZd-CilOsMuKscXHzx1F_6qaXS2eWawC1pW5KPBzPKD2qoele9W0UvieDyCV8o7RPBn_OikV8iFpk2RzBVS7mZXJYMF4KGd5l0XB15Os4njO2vQLsQ83_XMz0lDnHkZOH0m-zd2K_3BuC6koUmRBBg1ang8ysSXFiNhVdd4r6mj2WLd7T5kzUXGPTXKSPI2-UHyiCgzbjzD8NF51-XCd2Q.YHj0VbQyLePL8BDPeoYsknsKYHe4lAeaWY9_PZ5qGVY&dib_tag=se&keywords=safety+glasses&qid=1770443783&sr=8-17
"Kleenguard™ V30 Maverick™ Safety Glasses (56567), Clear Lenses with KleenVision™ Anti-Fog coating, Black Frame, Carrying Case, Eyewear for Men and Women",12.,N/A,N/A,No,Check availability,https://www.amazon.com/KLEENGUARDTM-MaverickTM-56567-KleenVisionTM-Anti-Fog/dp/B0DK42PJ3G/ref=sr_1_18?dib=eyJ2IjoiMSJ9.kwu9R8D26S5UOlaQ0Lm9IEz1YIIcmfG1JpVe-O-NFU2Rnp9y44y0g7DH-wZizGekzVuWdUvYbmx_g9M2eNTzjFZd-CilOsMuKscXHzx1F_6qaXS2eWawC1pW5KPBzPKD2qoele9W0UvieDyCV8o7RPBn_OikV8iFpk2RzBVS7mZXJYMF4KGd5l0XB15Os4njO2vQLsQ83_XMz0lDnHkZOH0m-zd2K_3BuC6koUmRBBg1ang8ysSXFiNhVdd4r6mj2WLd7T5kzUXGPTXKSPI2-UHyiCgzbjzD8NF51-XCd2Q.YHj0VbQyLePL8BDPeoYsknsKYHe4lAeaWY9_PZ5qGVY&dib_tag=se&keywords=safety+glasses&qid=1770443783&sr=8-18
12 Packs Orange Safety Glasses for Men and Women - Clear Working Glasses and Goggles for Ultimate Eye Protection,15.,N/A,N/A,No,Check availability,https://www.amazon.com/sspa/click?ie=UTF8&spc=MTo4NTgwMjQ3OTk0NzMzMzc3OjE3NzA0NDM3ODM6c3BfbXRmOjMwMDY2Mjk4ODQ0MjAwMjo6MDo6&url=%2FPacks-Orange-Safety-Glasses-Women%2Fdp%2FB0D9NSMVK8%2Fref%3Dsr_1_19_sspa%3Fdib%3DeyJ2IjoiMSJ9.kwu9R8D26S5UOlaQ0Lm9IEz1YIIcmfG1JpVe-O-NFU2Rnp9y44y0g7DH-wZizGekzVuWdUvYbmx_g9M2eNTzjFZd-CilOsMuKscXHzx1F_6qaXS2eWawC1pW5KPBzPKD2qoele9W0UvieDyCV8o7RPBn_OikV8iFpk2RzBVS7mZXJYMF4KGd5l0XB15Os4njO2vQLsQ83_XMz0lDnHkZOH0m-zd2K_3BuC6koUmRBBg1ang8ysSXFiNhVdd4r6mj2WLd7T5kzUXGPTXKSPI2-UHyiCgzbjzD8NF51-XCd2Q.YHj0VbQyLePL8BDPeoYsknsKYHe4lAeaWY9_PZ5qGVY%26dib_tag%3Dse%26keywords%3Dsafety%2Bglasses%26qid%3D1770443783%26sr%3D8-19-spons%26sp_csd%3Dd2lkZ2V0TmFtZT1zcF9tdGY%26psc%3D1
"Z87 Safety Glasses for Men 36pack, Clear Safety Glasses for Women, Scratch&Impact-Resistant Eye Protection Glasses with ANSI Z87.1 Certification",33.,N/A,N/A,No,Check availability,https://www.amazon.com/sspa/click?ie=UTF8&spc=MTo4NTgwMjQ3OTk0NzMzMzc3OjE3NzA0NDM3ODM6c3BfbXRmOjMwMTE0NDEwODU5OTgwMjo6MDo6&url=%2FHoqiwild-Glasses-Impact-Resistant-Protective-construction%2Fdp%2FB0F8QSRL15%2Fref%3Dsr_1_20_sspa%3Fdib%3DeyJ2IjoiMSJ9.kwu9R8D26S5UOlaQ0Lm9IEz1YIIcmfG1JpVe-O-NFU2Rnp9y44y0g7DH-wZizGekzVuWdUvYbmx_g9M2eNTzjFZd-CilOsMuKscXHzx1F_6qaXS2eWawC1pW5KPBzPKD2qoele9W0UvieDyCV8o7RPBn_OikV8iFpk2RzBVS7mZXJYMF4KGd5l0XB15Os4njO2vQLsQ83_XMz0lDnHkZOH0m-zd2K_3BuC6koUmRBBg1ang8ysSXFiNhVdd4r6mj2WLd7T5kzUXGPTXKSPI2-UHyiCgzbjzD8NF51-XCd2Q.YHj0VbQyLePL8BDPeoYsknsKYHe4lAeaWY9_PZ5qGVY%26dib_tag%3Dse%26keywords%3Dsafety%2Bglasses%26qid%3D1770443783%26sr%3D8-20-spons%26sp_csd%3Dd2lkZ2V0TmFtZT1zcF9tdGY%26psc%3D1
